{
    "$schema": "https://schema.management.azure.com/schemas/2015-01-01/deploymentParameters.json#",
    "contentVersion": "1.0.0.0",
    "parameters": {
        "vulnerabilityAssessments_Default_storageContainerPath": {
            "value": null
        },
        "servers_telstra_name": {
            "value": null
        },
        "vaults_TelstrakeyvltN_name": {
            "value": null
        },
        "storageAccounts_storageactdatalk_name": {
            "value": null
        }
    }
}