{
    "$schema": "https://schema.management.azure.com/schemas/2019-04-01/deploymentTemplate.json#",
    "contentVersion": "1.0.0.0",
    "parameters": {
        "vulnerabilityAssessments_Default_storageContainerPath": {
            "type": "SecureString"
        },
        "servers_telstra_name": {
            "defaultValue": "telstra",
            "type": "String"
        },
        "vaults_TelstrakeyvltN_name": {
            "defaultValue": "TelstrakeyvltN",
            "type": "String"
        },
        "storageAccounts_storageactdatalk_name": {
            "defaultValue": "storageactdatalk",
            "type": "String"
        }
    },
    "variables": {},
    "resources": [
        {
            "type": "Microsoft.KeyVault/vaults",
            "apiVersion": "2021-11-01-preview",
            "name": "[parameters('vaults_TelstrakeyvltN_name')]",
            "location": "australiaeast",
            "tags": {
                "Department": "Finance",
                "Environment": "Development"
            },
            "properties": {
                "sku": {
                    "family": "A",
                    "name": "Standard"
                },
                "tenantId": "0aebd0a5-169b-41cc-803d-6ad4822595d6",
                "accessPolicies": [
                    {
                        "tenantId": "0aebd0a5-169b-41cc-803d-6ad4822595d6",
                        "objectId": "b1562c23-71f2-48be-acd4-e2945a4c0eb6",
                        "permissions": {
                            "keys": [],
                            "secrets": [
                                "Get",
                                "List"
                            ],
                            "certificates": []
                        }
                    },
                    {
                        "tenantId": "0aebd0a5-169b-41cc-803d-6ad4822595d6",
                        "objectId": "49b65bdf-cf63-434c-a4e2-cc41b5cb6730",
                        "permissions": {
                            "keys": [
                                "Get",
                                "List",
                                "Update",
                                "Create",
                                "Import",
                                "Delete",
                                "Recover",
                                "Backup",
                                "Restore",
                                "GetRotationPolicy",
                                "SetRotationPolicy",
                                "Rotate"
                            ],
                            "secrets": [
                                "Get",
                                "List",
                                "Set",
                                "Delete",
                                "Recover",
                                "Backup",
                                "Restore"
                            ],
                            "certificates": [
                                "Get",
                                "List",
                                "Update",
                                "Create",
                                "Import",
                                "Delete",
                                "Recover",
                                "Backup",
                                "Restore",
                                "ManageContacts",
                                "ManageIssuers",
                                "GetIssuers",
                                "ListIssuers",
                                "SetIssuers",
                                "DeleteIssuers"
                            ]
                        }
                    }
                ],
                "enabledForDeployment": true,
                "enabledForDiskEncryption": true,
                "enabledForTemplateDeployment": true,
                "enableSoftDelete": true,
                "softDeleteRetentionInDays": 90,
                "enableRbacAuthorization": false,
                "vaultUri": "https://telstrakeyvltn.vault.azure.net/",
                "provisioningState": "Succeeded",
                "publicNetworkAccess": "Enabled"
            }
        },
        {
            "type": "Microsoft.Sql/servers",
            "apiVersion": "2021-08-01-preview",
            "name": "[parameters('servers_telstra_name')]",
            "location": "australiaeast",
            "tags": {
                "Department": "Finance",
                "Environment": "Development"
            },
            "kind": "v12.0",
            "properties": {
                "administratorLogin": "[parameters('servers_telstra_name')]",
                "version": "12.0",
                "minimalTlsVersion": "1.2",
                "publicNetworkAccess": "Enabled",
                "restrictOutboundNetworkAccess": "Disabled"
            }
        },
        {
            "type": "Microsoft.Storage/storageAccounts",
            "apiVersion": "2021-08-01",
            "name": "[parameters('storageAccounts_storageactdatalk_name')]",
            "location": "australiasoutheast",
            "tags": {
                "Department": "Finance",
                "Environment": "Development"
            },
            "sku": {
                "name": "Standard_RAGRS",
                "tier": "Standard"
            },
            "kind": "StorageV2",
            "properties": {
                "defaultToOAuthAuthentication": false,
                "allowCrossTenantReplication": false,
                "isSftpEnabled": false,
                "minimumTlsVersion": "TLS1_2",
                "allowBlobPublicAccess": true,
                "allowSharedKeyAccess": true,
                "isHnsEnabled": true,
                "networkAcls": {
                    "bypass": "AzureServices",
                    "virtualNetworkRules": [],
                    "ipRules": [],
                    "defaultAction": "Allow"
                },
                "supportsHttpsTrafficOnly": true,
                "encryption": {
                    "requireInfrastructureEncryption": false,
                    "services": {
                        "file": {
                            "keyType": "Account",
                            "enabled": true
                        },
                        "blob": {
                            "keyType": "Account",
                            "enabled": true
                        }
                    },
                    "keySource": "Microsoft.Storage"
                },
                "accessTier": "Hot"
            }
        },
        {
            "type": "Microsoft.KeyVault/vaults/secrets",
            "apiVersion": "2021-11-01-preview",
            "name": "[concat(parameters('vaults_TelstrakeyvltN_name'), '/SQLConnection')]",
            "location": "australiaeast",
            "dependsOn": [
                "[resourceId('Microsoft.KeyVault/vaults', parameters('vaults_TelstrakeyvltN_name'))]"
            ],
            "tags": {
                "Department": "Finance",
                "Environment": "Development"
            },
            "properties": {
                "attributes": {
                    "enabled": true
                }
            }
        },
        {
            "type": "Microsoft.Sql/servers/advisors",
            "apiVersion": "2014-04-01",
            "name": "[concat(parameters('servers_telstra_name'), '/CreateIndex')]",
            "dependsOn": [
                "[resourceId('Microsoft.Sql/servers', parameters('servers_telstra_name'))]"
            ],
            "properties": {
                "autoExecuteValue": "Disabled"
            }
        },
        {
            "type": "Microsoft.Sql/servers/advisors",
            "apiVersion": "2014-04-01",
            "name": "[concat(parameters('servers_telstra_name'), '/DbParameterization')]",
            "dependsOn": [
                "[resourceId('Microsoft.Sql/servers', parameters('servers_telstra_name'))]"
            ],
            "properties": {
                "autoExecuteValue": "Disabled"
            }
        },
        {
            "type": "Microsoft.Sql/servers/advisors",
            "apiVersion": "2014-04-01",
            "name": "[concat(parameters('servers_telstra_name'), '/DefragmentIndex')]",
            "dependsOn": [
                "[resourceId('Microsoft.Sql/servers', parameters('servers_telstra_name'))]"
            ],
            "properties": {
                "autoExecuteValue": "Disabled"
            }
        },
        {
            "type": "Microsoft.Sql/servers/advisors",
            "apiVersion": "2014-04-01",
            "name": "[concat(parameters('servers_telstra_name'), '/DropIndex')]",
            "dependsOn": [
                "[resourceId('Microsoft.Sql/servers', parameters('servers_telstra_name'))]"
            ],
            "properties": {
                "autoExecuteValue": "Disabled"
            }
        },
        {
            "type": "Microsoft.Sql/servers/advisors",
            "apiVersion": "2014-04-01",
            "name": "[concat(parameters('servers_telstra_name'), '/ForceLastGoodPlan')]",
            "dependsOn": [
                "[resourceId('Microsoft.Sql/servers', parameters('servers_telstra_name'))]"
            ],
            "properties": {
                "autoExecuteValue": "Enabled"
            }
        },
        {
            "type": "Microsoft.Sql/servers/auditingPolicies",
            "apiVersion": "2014-04-01",
            "name": "[concat(parameters('servers_telstra_name'), '/Default')]",
            "location": "Australia East",
            "dependsOn": [
                "[resourceId('Microsoft.Sql/servers', parameters('servers_telstra_name'))]"
            ],
            "properties": {
                "auditingState": "Disabled"
            }
        },
        {
            "type": "Microsoft.Sql/servers/auditingSettings",
            "apiVersion": "2021-08-01-preview",
            "name": "[concat(parameters('servers_telstra_name'), '/Default')]",
            "dependsOn": [
                "[resourceId('Microsoft.Sql/servers', parameters('servers_telstra_name'))]"
            ],
            "properties": {
                "retentionDays": 0,
                "auditActionsAndGroups": [],
                "isStorageSecondaryKeyInUse": false,
                "isAzureMonitorTargetEnabled": false,
                "state": "Disabled",
                "storageAccountSubscriptionId": "00000000-0000-0000-0000-000000000000"
            }
        },
        {
            "type": "Microsoft.Sql/servers/connectionPolicies",
            "apiVersion": "2021-08-01-preview",
            "name": "[concat(parameters('servers_telstra_name'), '/default')]",
            "location": "australiaeast",
            "dependsOn": [
                "[resourceId('Microsoft.Sql/servers', parameters('servers_telstra_name'))]"
            ],
            "properties": {
                "connectionType": "Default"
            }
        },
        {
            "type": "Microsoft.Sql/servers/databases",
            "apiVersion": "2021-08-01-preview",
            "name": "[concat(parameters('servers_telstra_name'), '/DataMart')]",
            "location": "australiaeast",
            "dependsOn": [
                "[resourceId('Microsoft.Sql/servers', parameters('servers_telstra_name'))]"
            ],
            "tags": {
                "Department": "Finance",
                "Environment": "Development"
            },
            "sku": {
                "name": "Standard",
                "tier": "Standard",
                "capacity": 10
            },
            "kind": "v12.0,user",
            "properties": {
                "collation": "SQL_Latin1_General_CP1_CI_AS",
                "maxSizeBytes": 21474836480,
                "catalogCollation": "SQL_Latin1_General_CP1_CI_AS",
                "zoneRedundant": false,
                "readScale": "Disabled",
                "requestedBackupStorageRedundancy": "Geo",
                "maintenanceConfigurationId": "/subscriptions/dd0f6054-04cc-423c-ba2e-22f094011fb8/providers/Microsoft.Maintenance/publicMaintenanceConfigurations/SQL_Default",
                "isLedgerOn": false
            }
        },
        {
            "type": "Microsoft.Sql/servers/databases/auditingPolicies",
            "apiVersion": "2014-04-01",
            "name": "[concat(parameters('servers_telstra_name'), '/master/Default')]",
            "location": "Australia East",
            "dependsOn": [
                "[resourceId('Microsoft.Sql/servers', parameters('servers_telstra_name'))]"
            ],
            "properties": {
                "auditingState": "Disabled"
            }
        },
        {
            "type": "Microsoft.Sql/servers/databases/auditingSettings",
            "apiVersion": "2021-08-01-preview",
            "name": "[concat(parameters('servers_telstra_name'), '/master/Default')]",
            "dependsOn": [
                "[resourceId('Microsoft.Sql/servers', parameters('servers_telstra_name'))]"
            ],
            "properties": {
                "retentionDays": 0,
                "isAzureMonitorTargetEnabled": false,
                "state": "Disabled",
                "storageAccountSubscriptionId": "00000000-0000-0000-0000-000000000000"
            }
        },
        {
            "type": "Microsoft.Sql/servers/databases/extendedAuditingSettings",
            "apiVersion": "2021-08-01-preview",
            "name": "[concat(parameters('servers_telstra_name'), '/master/Default')]",
            "dependsOn": [
                "[resourceId('Microsoft.Sql/servers', parameters('servers_telstra_name'))]"
            ],
            "properties": {
                "retentionDays": 0,
                "isAzureMonitorTargetEnabled": false,
                "state": "Disabled",
                "storageAccountSubscriptionId": "00000000-0000-0000-0000-000000000000"
            }
        },
        {
            "type": "Microsoft.Sql/servers/databases/geoBackupPolicies",
            "apiVersion": "2014-04-01",
            "name": "[concat(parameters('servers_telstra_name'), '/master/Default')]",
            "location": "Australia East",
            "dependsOn": [
                "[resourceId('Microsoft.Sql/servers', parameters('servers_telstra_name'))]"
            ],
            "properties": {
                "state": "Disabled"
            }
        },
        {
            "type": "Microsoft.Sql/servers/databases/ledgerDigestUploads",
            "apiVersion": "2021-08-01-preview",
            "name": "[concat(parameters('servers_telstra_name'), '/master/Current')]",
            "dependsOn": [
                "[resourceId('Microsoft.Sql/servers', parameters('servers_telstra_name'))]"
            ],
            "properties": {}
        },
        {
            "type": "Microsoft.Sql/servers/databases/securityAlertPolicies",
            "apiVersion": "2021-08-01-preview",
            "name": "[concat(parameters('servers_telstra_name'), '/master/Default')]",
            "dependsOn": [
                "[resourceId('Microsoft.Sql/servers', parameters('servers_telstra_name'))]"
            ],
            "properties": {
                "state": "Disabled",
                "disabledAlerts": [
                    ""
                ],
                "emailAddresses": [
                    ""
                ],
                "emailAccountAdmins": false,
                "retentionDays": 0
            }
        },
        {
            "type": "Microsoft.Sql/servers/databases/transparentDataEncryption",
            "apiVersion": "2021-08-01-preview",
            "name": "[concat(parameters('servers_telstra_name'), '/master/Current')]",
            "dependsOn": [
                "[resourceId('Microsoft.Sql/servers', parameters('servers_telstra_name'))]"
            ],
            "properties": {
                "state": "Disabled"
            }
        },
        {
            "type": "Microsoft.Sql/servers/databases/vulnerabilityAssessments",
            "apiVersion": "2021-08-01-preview",
            "name": "[concat(parameters('servers_telstra_name'), '/master/Default')]",
            "dependsOn": [
                "[resourceId('Microsoft.Sql/servers', parameters('servers_telstra_name'))]"
            ],
            "properties": {
                "recurringScans": {
                    "isEnabled": false,
                    "emailSubscriptionAdmins": true
                }
            }
        },
        {
            "type": "Microsoft.Sql/servers/devOpsAuditingSettings",
            "apiVersion": "2021-08-01-preview",
            "name": "[concat(parameters('servers_telstra_name'), '/Default')]",
            "dependsOn": [
                "[resourceId('Microsoft.Sql/servers', parameters('servers_telstra_name'))]"
            ],
            "properties": {
                "isAzureMonitorTargetEnabled": false,
                "state": "Disabled",
                "storageAccountSubscriptionId": "00000000-0000-0000-0000-000000000000"
            }
        },
        {
            "type": "Microsoft.Sql/servers/encryptionProtector",
            "apiVersion": "2021-08-01-preview",
            "name": "[concat(parameters('servers_telstra_name'), '/current')]",
            "dependsOn": [
                "[resourceId('Microsoft.Sql/servers', parameters('servers_telstra_name'))]"
            ],
            "kind": "servicemanaged",
            "properties": {
                "serverKeyName": "ServiceManaged",
                "serverKeyType": "ServiceManaged",
                "autoRotationEnabled": false
            }
        },
        {
            "type": "Microsoft.Sql/servers/extendedAuditingSettings",
            "apiVersion": "2021-08-01-preview",
            "name": "[concat(parameters('servers_telstra_name'), '/Default')]",
            "dependsOn": [
                "[resourceId('Microsoft.Sql/servers', parameters('servers_telstra_name'))]"
            ],
            "properties": {
                "retentionDays": 0,
                "auditActionsAndGroups": [],
                "isStorageSecondaryKeyInUse": false,
                "isAzureMonitorTargetEnabled": false,
                "state": "Disabled",
                "storageAccountSubscriptionId": "00000000-0000-0000-0000-000000000000"
            }
        },
        {
            "type": "Microsoft.Sql/servers/firewallRules",
            "apiVersion": "2021-08-01-preview",
            "name": "[concat(parameters('servers_telstra_name'), '/AllowAllWindowsAzureIps')]",
            "dependsOn": [
                "[resourceId('Microsoft.Sql/servers', parameters('servers_telstra_name'))]"
            ],
            "properties": {
                "startIpAddress": "0.0.0.0",
                "endIpAddress": "0.0.0.0"
            }
        },
        {
            "type": "Microsoft.Sql/servers/firewallRules",
            "apiVersion": "2021-08-01-preview",
            "name": "[concat(parameters('servers_telstra_name'), '/ClientIPAddress_2022-03-22_04:02:02')]",
            "dependsOn": [
                "[resourceId('Microsoft.Sql/servers', parameters('servers_telstra_name'))]"
            ],
            "properties": {
                "startIpAddress": "103.40.198.51",
                "endIpAddress": "103.40.198.51"
            }
        },
        {
            "type": "Microsoft.Sql/servers/firewallRules",
            "apiVersion": "2021-08-01-preview",
            "name": "[concat(parameters('servers_telstra_name'), '/query-editor-3a9551')]",
            "dependsOn": [
                "[resourceId('Microsoft.Sql/servers', parameters('servers_telstra_name'))]"
            ],
            "properties": {
                "startIpAddress": "138.130.193.6",
                "endIpAddress": "138.130.193.6"
            }
        },
        {
            "type": "Microsoft.Sql/servers/keys",
            "apiVersion": "2021-08-01-preview",
            "name": "[concat(parameters('servers_telstra_name'), '/ServiceManaged')]",
            "dependsOn": [
                "[resourceId('Microsoft.Sql/servers', parameters('servers_telstra_name'))]"
            ],
            "kind": "servicemanaged",
            "properties": {
                "serverKeyType": "ServiceManaged"
            }
        },
        {
            "type": "Microsoft.Sql/servers/securityAlertPolicies",
            "apiVersion": "2021-08-01-preview",
            "name": "[concat(parameters('servers_telstra_name'), '/Default')]",
            "dependsOn": [
                "[resourceId('Microsoft.Sql/servers', parameters('servers_telstra_name'))]"
            ],
            "properties": {
                "state": "Disabled",
                "disabledAlerts": [
                    ""
                ],
                "emailAddresses": [
                    ""
                ],
                "emailAccountAdmins": false,
                "retentionDays": 0
            }
        },
        {
            "type": "Microsoft.Sql/servers/vulnerabilityAssessments",
            "apiVersion": "2021-08-01-preview",
            "name": "[concat(parameters('servers_telstra_name'), '/Default')]",
            "dependsOn": [
                "[resourceId('Microsoft.Sql/servers', parameters('servers_telstra_name'))]"
            ],
            "properties": {
                "recurringScans": {
                    "isEnabled": false,
                    "emailSubscriptionAdmins": true
                },
                "storageContainerPath": "[parameters('vulnerabilityAssessments_Default_storageContainerPath')]"
            }
        },
        {
            "type": "Microsoft.Storage/storageAccounts/blobServices",
            "apiVersion": "2021-08-01",
            "name": "[concat(parameters('storageAccounts_storageactdatalk_name'), '/default')]",
            "dependsOn": [
                "[resourceId('Microsoft.Storage/storageAccounts', parameters('storageAccounts_storageactdatalk_name'))]"
            ],
            "sku": {
                "name": "Standard_RAGRS",
                "tier": "Standard"
            },
            "properties": {
                "containerDeleteRetentionPolicy": {
                    "enabled": true,
                    "days": 7
                },
                "cors": {
                    "corsRules": []
                },
                "deleteRetentionPolicy": {
                    "enabled": true,
                    "days": 7
                }
            }
        },
        {
            "type": "Microsoft.Storage/storageAccounts/fileServices",
            "apiVersion": "2021-08-01",
            "name": "[concat(parameters('storageAccounts_storageactdatalk_name'), '/default')]",
            "dependsOn": [
                "[resourceId('Microsoft.Storage/storageAccounts', parameters('storageAccounts_storageactdatalk_name'))]"
            ],
            "sku": {
                "name": "Standard_RAGRS",
                "tier": "Standard"
            },
            "properties": {
                "protocolSettings": {
                    "smb": {}
                },
                "cors": {
                    "corsRules": []
                },
                "shareDeleteRetentionPolicy": {
                    "enabled": true,
                    "days": 7
                }
            }
        },
        {
            "type": "Microsoft.Storage/storageAccounts/queueServices",
            "apiVersion": "2021-08-01",
            "name": "[concat(parameters('storageAccounts_storageactdatalk_name'), '/default')]",
            "dependsOn": [
                "[resourceId('Microsoft.Storage/storageAccounts', parameters('storageAccounts_storageactdatalk_name'))]"
            ],
            "properties": {
                "cors": {
                    "corsRules": []
                }
            }
        },
        {
            "type": "Microsoft.Storage/storageAccounts/tableServices",
            "apiVersion": "2021-08-01",
            "name": "[concat(parameters('storageAccounts_storageactdatalk_name'), '/default')]",
            "dependsOn": [
                "[resourceId('Microsoft.Storage/storageAccounts', parameters('storageAccounts_storageactdatalk_name'))]"
            ],
            "properties": {
                "cors": {
                    "corsRules": []
                }
            }
        },
        {
            "type": "Microsoft.Sql/servers/databases/advisors",
            "apiVersion": "2014-04-01",
            "name": "[concat(parameters('servers_telstra_name'), '/DataMart/CreateIndex')]",
            "dependsOn": [
                "[resourceId('Microsoft.Sql/servers/databases', parameters('servers_telstra_name'), 'DataMart')]",
                "[resourceId('Microsoft.Sql/servers', parameters('servers_telstra_name'))]"
            ],
            "properties": {
                "autoExecuteValue": "Disabled"
            }
        },
        {
            "type": "Microsoft.Sql/servers/databases/advisors",
            "apiVersion": "2014-04-01",
            "name": "[concat(parameters('servers_telstra_name'), '/DataMart/DbParameterization')]",
            "dependsOn": [
                "[resourceId('Microsoft.Sql/servers/databases', parameters('servers_telstra_name'), 'DataMart')]",
                "[resourceId('Microsoft.Sql/servers', parameters('servers_telstra_name'))]"
            ],
            "properties": {
                "autoExecuteValue": "Disabled"
            }
        },
        {
            "type": "Microsoft.Sql/servers/databases/advisors",
            "apiVersion": "2014-04-01",
            "name": "[concat(parameters('servers_telstra_name'), '/DataMart/DefragmentIndex')]",
            "dependsOn": [
                "[resourceId('Microsoft.Sql/servers/databases', parameters('servers_telstra_name'), 'DataMart')]",
                "[resourceId('Microsoft.Sql/servers', parameters('servers_telstra_name'))]"
            ],
            "properties": {
                "autoExecuteValue": "Disabled"
            }
        },
        {
            "type": "Microsoft.Sql/servers/databases/advisors",
            "apiVersion": "2014-04-01",
            "name": "[concat(parameters('servers_telstra_name'), '/DataMart/DropIndex')]",
            "dependsOn": [
                "[resourceId('Microsoft.Sql/servers/databases', parameters('servers_telstra_name'), 'DataMart')]",
                "[resourceId('Microsoft.Sql/servers', parameters('servers_telstra_name'))]"
            ],
            "properties": {
                "autoExecuteValue": "Disabled"
            }
        },
        {
            "type": "Microsoft.Sql/servers/databases/advisors",
            "apiVersion": "2014-04-01",
            "name": "[concat(parameters('servers_telstra_name'), '/DataMart/ForceLastGoodPlan')]",
            "dependsOn": [
                "[resourceId('Microsoft.Sql/servers/databases', parameters('servers_telstra_name'), 'DataMart')]",
                "[resourceId('Microsoft.Sql/servers', parameters('servers_telstra_name'))]"
            ],
            "properties": {
                "autoExecuteValue": "Enabled"
            }
        },
        {
            "type": "Microsoft.Sql/servers/databases/auditingPolicies",
            "apiVersion": "2014-04-01",
            "name": "[concat(parameters('servers_telstra_name'), '/DataMart/Default')]",
            "location": "Australia East",
            "dependsOn": [
                "[resourceId('Microsoft.Sql/servers/databases', parameters('servers_telstra_name'), 'DataMart')]",
                "[resourceId('Microsoft.Sql/servers', parameters('servers_telstra_name'))]"
            ],
            "properties": {
                "auditingState": "Disabled"
            }
        },
        {
            "type": "Microsoft.Sql/servers/databases/auditingSettings",
            "apiVersion": "2021-08-01-preview",
            "name": "[concat(parameters('servers_telstra_name'), '/DataMart/Default')]",
            "dependsOn": [
                "[resourceId('Microsoft.Sql/servers/databases', parameters('servers_telstra_name'), 'DataMart')]",
                "[resourceId('Microsoft.Sql/servers', parameters('servers_telstra_name'))]"
            ],
            "properties": {
                "retentionDays": 0,
                "isAzureMonitorTargetEnabled": false,
                "state": "Disabled",
                "storageAccountSubscriptionId": "00000000-0000-0000-0000-000000000000"
            }
        },
        {
            "type": "Microsoft.Sql/servers/databases/backupLongTermRetentionPolicies",
            "apiVersion": "2021-08-01-preview",
            "name": "[concat(parameters('servers_telstra_name'), '/DataMart/default')]",
            "dependsOn": [
                "[resourceId('Microsoft.Sql/servers/databases', parameters('servers_telstra_name'), 'DataMart')]",
                "[resourceId('Microsoft.Sql/servers', parameters('servers_telstra_name'))]"
            ],
            "properties": {
                "weeklyRetention": "PT0S",
                "monthlyRetention": "PT0S",
                "yearlyRetention": "PT0S",
                "weekOfYear": 0
            }
        },
        {
            "type": "Microsoft.Sql/servers/databases/backupShortTermRetentionPolicies",
            "apiVersion": "2021-08-01-preview",
            "name": "[concat(parameters('servers_telstra_name'), '/DataMart/default')]",
            "dependsOn": [
                "[resourceId('Microsoft.Sql/servers/databases', parameters('servers_telstra_name'), 'DataMart')]",
                "[resourceId('Microsoft.Sql/servers', parameters('servers_telstra_name'))]"
            ],
            "properties": {
                "retentionDays": 7,
                "diffBackupIntervalInHours": 24
            }
        },
        {
            "type": "Microsoft.Sql/servers/databases/extendedAuditingSettings",
            "apiVersion": "2021-08-01-preview",
            "name": "[concat(parameters('servers_telstra_name'), '/DataMart/Default')]",
            "dependsOn": [
                "[resourceId('Microsoft.Sql/servers/databases', parameters('servers_telstra_name'), 'DataMart')]",
                "[resourceId('Microsoft.Sql/servers', parameters('servers_telstra_name'))]"
            ],
            "properties": {
                "retentionDays": 0,
                "isAzureMonitorTargetEnabled": false,
                "state": "Disabled",
                "storageAccountSubscriptionId": "00000000-0000-0000-0000-000000000000"
            }
        },
        {
            "type": "Microsoft.Sql/servers/databases/geoBackupPolicies",
            "apiVersion": "2014-04-01",
            "name": "[concat(parameters('servers_telstra_name'), '/DataMart/Default')]",
            "location": "Australia East",
            "dependsOn": [
                "[resourceId('Microsoft.Sql/servers/databases', parameters('servers_telstra_name'), 'DataMart')]",
                "[resourceId('Microsoft.Sql/servers', parameters('servers_telstra_name'))]"
            ],
            "properties": {
                "state": "Enabled"
            }
        },
        {
            "type": "Microsoft.Sql/servers/databases/ledgerDigestUploads",
            "apiVersion": "2021-08-01-preview",
            "name": "[concat(parameters('servers_telstra_name'), '/DataMart/Current')]",
            "dependsOn": [
                "[resourceId('Microsoft.Sql/servers/databases', parameters('servers_telstra_name'), 'DataMart')]",
                "[resourceId('Microsoft.Sql/servers', parameters('servers_telstra_name'))]"
            ],
            "properties": {}
        },
        {
            "type": "Microsoft.Sql/servers/databases/securityAlertPolicies",
            "apiVersion": "2021-08-01-preview",
            "name": "[concat(parameters('servers_telstra_name'), '/DataMart/Default')]",
            "dependsOn": [
                "[resourceId('Microsoft.Sql/servers/databases', parameters('servers_telstra_name'), 'DataMart')]",
                "[resourceId('Microsoft.Sql/servers', parameters('servers_telstra_name'))]"
            ],
            "properties": {
                "state": "Disabled",
                "disabledAlerts": [
                    ""
                ],
                "emailAddresses": [
                    ""
                ],
                "emailAccountAdmins": false,
                "retentionDays": 0
            }
        },
        {
            "type": "Microsoft.Sql/servers/databases/transparentDataEncryption",
            "apiVersion": "2021-08-01-preview",
            "name": "[concat(parameters('servers_telstra_name'), '/DataMart/Current')]",
            "dependsOn": [
                "[resourceId('Microsoft.Sql/servers/databases', parameters('servers_telstra_name'), 'DataMart')]",
                "[resourceId('Microsoft.Sql/servers', parameters('servers_telstra_name'))]"
            ],
            "properties": {
                "state": "Enabled"
            }
        },
        {
            "type": "Microsoft.Sql/servers/databases/vulnerabilityAssessments",
            "apiVersion": "2021-08-01-preview",
            "name": "[concat(parameters('servers_telstra_name'), '/DataMart/Default')]",
            "dependsOn": [
                "[resourceId('Microsoft.Sql/servers/databases', parameters('servers_telstra_name'), 'DataMart')]",
                "[resourceId('Microsoft.Sql/servers', parameters('servers_telstra_name'))]"
            ],
            "properties": {
                "recurringScans": {
                    "isEnabled": false,
                    "emailSubscriptionAdmins": true
                }
            }
        },
        {
            "type": "Microsoft.Storage/storageAccounts/blobServices/containers",
            "apiVersion": "2021-08-01",
            "name": "[concat(parameters('storageAccounts_storageactdatalk_name'), '/default/datalakestore')]",
            "dependsOn": [
                "[resourceId('Microsoft.Storage/storageAccounts/blobServices', parameters('storageAccounts_storageactdatalk_name'), 'default')]",
                "[resourceId('Microsoft.Storage/storageAccounts', parameters('storageAccounts_storageactdatalk_name'))]"
            ],
            "properties": {
                "immutableStorageWithVersioning": {
                    "enabled": false
                },
                "defaultEncryptionScope": "$account-encryption-key",
                "denyEncryptionScopeOverride": false,
                "publicAccess": "None"
            }
        }
    ]
}